AP36Z0241,Ashok Leyland Ltd,5760
AP24TB1239,Ashok Leyland Ltd,5759
AP24TA4446,Ashok Leyland Ltd,5759
AP24TA4799,Ashok Leyland Ltd,5759
AP20Z0117,Ashok Leyland Ltd,5760
AP11AR4289,Bajaj Auto Ltd,9927
AP24TB5677,Ashok Leyland Ltd,5759
AP23Z0065,Ashok Leyland Ltd,5760
AP24Z0088,Ashok Leyland Ltd,5760
AP24AF8788,Ashok Leyland Ltd,5759
AP24Y4626,Ashok Leyland Ltd,5759
AP23U8155,Ashok Leyland Ltd,5759
AP36Y4816,Tata Motors Ltd,5833
AP22W8289,Ashok Leyland Ltd,5759
TG12T4359,Ashok Leyland Ltd,5760
AP27W2347,Ashok Leyland Ltd,6014
AP24Y4618,Ashok Leyland Ltd,5760
AP20Y6096,Ashok Leyland Ltd,6014
AP20TC1969,Tata Motors Ltd,5883
AP02W6138,Ashok Leyland Ltd,6014
AP24TB3229,Tata Motors Ltd,5883
AP27TT4446,Tata Motors Ltd,5883
AP31W8582,Ashok Leyland Ltd,6014
AP24AF9006,Ashok Leyland Ltd,5759
AP15X1996,Ashok Leyland Ltd,5759
AP25AG7222,Manku Agro Tech.Pvt.Ltd.,6480
AP29W0894,Ashok Leyland Ltd,5760
AP29C0459,Ashok Leyland Ltd,6540
AP09U7094,Ashok Leyland Ltd,6540
AP09X2699,Ashok Leyland Ltd,6540
AP09Y0058,Ashok Leyland Ltd,5759
AP09Y7625,Ashok Leyland Ltd,6014
AP28W3668,Ashok Leyland Ltd,6014
AP09Y5468,Ashok Leyland Ltd,6014
AP09Y7876,Ashok Leyland Ltd,6014
AP09Y8000,Ashok Leyland Ltd,6014
AP09Y0225,Ashok Leyland Ltd,6014
AP09BG4444,Bentely Motors Limited,5998
AP09Y7645,Ashok Leyland Ltd,6014
AP16TB5676,Tata Motors Limited,5833
TS02EW8404,Tata Motors Ltd,12148
AP09Y9373,Ashok Leyland Ltd,6538
AP37W3599,Ashok Leyland Ltd,6014
AP09BU0439,Demag,16960
AP13R0605,Bajaj Auto Ltd,9927
AP09TA3035,Ashok Leyland Ltd,6014
AP09BW8178,Tata Motors Ltd,12148
AP13Y0561,Ashok Leyland Ltd,5759
AP09BX3852,Bajaj Auto Ltd,9927
AP11Z6769,Ashok Leyland Ltd,5759
AP09BW7057,Tata Motors Ltd,12148
AP11Z6589,Ashok Leyland Ltd,5759
AP10AT3337,Tata Motors Ltd,12148
AP09BX0646,Tata Motors Ltd,12148
AP13X9571,Ashok Leyland Ltd,5759
TS08FT2550,Tata Motors Ltd,12148
AP11Z6866,Ashok Leyland Ltd,5759
AP11Z6797,Ashok Leyland Ltd,5759
AP10AT3586,Tata Motors Ltd,12148
AP10V4788,Ashok Leyland Ltd,6014
AP11Z6795,Ashok Leyland Ltd,5759
AP10V4779,Ashok Leyland Ltd,6014
AP13R0604,Bajaj Auto Ltd,9927
AP11Z7107,Ashok Leyland Ltd,5759
AP12V3524,Ashok Leyland Ltd,5759
AP12V3523,Ashok Leyland Ltd,5759
AP13X1304,Ashok Leyland Ltd,5759
AP11Z7095,Ashok Leyland Ltd,5759
AP11Z7105,Ashok Leyland Ltd,5759
AP11Z7104,Ashok Leyland Ltd,5759
AP11Z7109,Ashok Leyland Ltd,5759
TS09UC3893,Ashok Leyland Ltd,6540
AP10V4449,Ashok Leyland Ltd,6014
AP11Z6740,Ashok Leyland Ltd,5759
AP24TA2799,Ashok Leyland Ltd,5759
AP29TB7889,Ashok Leyland Ltd,5759
AP29BS6264,Ashok Leyland Ltd,5759
AP24TA9789,Ashok Leyland Ltd,5759
AP24TA9769,Ashok Leyland Ltd,5759
AP24TA9679,Ashok Leyland Ltd,5759
AP31TU4698,Ashok Leyland Ltd,5759
AP29BT1746,Ashok Leyland Ltd,5760
AP37Y4569,Ashok Leyland Ltd,5759
AP24Y3839,Ashok Leyland Ltd,5759
AP24TB7359,Ashok Leyland Ltd,5759
AP29Z2040,Ashok Leyland Ltd,5760
AP26Y5454,Ashok Leyland Ltd,5759
AP29AX5936,Demag,16980
AP24Y5157,Ashok Leyland Ltd,5759
AP24TA9983,Ashok Leyland Ltd,5759
AP24TA9986,Ashok Leyland Ltd,5759
AP24Y7866,Ashok Leyland Ltd,5759
AP23X1233,Ashok Leyland Ltd,5759
AP24TB7688,Ashok Leyland Ltd,5759
AP20TA3336,Ashok Leyland Ltd,5760
AP07TU0682,Ashok Leyland Ltd,6014
AP24TA9659,Ashok Leyland Ltd,5759
AP24Y4999,Tata Motors Ltd,5833
AP24Y8829,Tata Motors Ltd,5833
AP26TB7599,Tata Motors Ltd,5883
AP29Z3397,Ashok Leyland Ltd,5760
AP24TB7475,Tata Motors Ltd,5883
AP21Z0090,Ashok Leyland Ltd,5760
AP24AS5999,Ashok Leyland Ltd,5760
AP29BG7677,Ashok Leyland Ltd,5759
AP29TA8166,Tata Motors Ltd,5833
AP16TY4943,Ashok Leyland Ltd,5760
AP28TB6840,Ashok Leyland Ltd,5759
AP29TA6973,Ashok Leyland Ltd,5759
AP29TA6974,Ashok Leyland Ltd,5759
TS08FQ9714,Ashok Leyland Ltd,5759
AP28TE0016,Ashok Leyland Ltd,5759
AP28TE0025,Ashok Leyland Ltd,5759
AP29TB5499,Ashok Leyland Ltd,5759
AP29V9288,Tata Motors Ltd,5883
AP29TA8303,Ashok Leyland Ltd,6014
AP29TA7737,Ashok Leyland Ltd,5760
AP36X3959,Ashok Leyland Ltd,6014
AP29BH3377,Ashok Leyland Ltd,5759
AP29BH1369,Ashok Leyland Ltd,5759
AP29V8817,Ashok Leyland Ltd,5759
AP29TA9549,Tata Motors Ltd,5833
AP29Z3229,Ashok Leyland Ltd,5760
AP29TA7854,Ashok Leyland Ltd,5760
AP04TU1571,Tata Motors Ltd,5883
AP04TT5953,Tata Motors Limited,5883
AP28TE0799,Tata Motors Ltd,5883
AP29TB5634,Ashok Leyland Ltd,5760
AP29TA7898,Tata Motors Ltd,5833
AP07TA1299,Ashok Leyland Ltd,5759
AP29BH3177,Ashok Leyland Ltd,5759
AP29BH3159,Ashok Leyland Ltd,5759
AP29Z3171,Ashok Leyland Ltd,5760
AP29AK7989,Ashok Leyland Ltd,5759
AP28X5816,Ashok Leyland Ltd,6014
AP28TD1714,Ashok Leyland Ltd,5759
AP29Z3170,Ashok Leyland Ltd,5760
AP29BG1989,Ashok Leyland Ltd,5759
AP29TB5115,Ashok Leyland Ltd,5759
AP16TY9486,Ashok Leyland Ltd,5759
AP29Z3240,Ashok Leyland Ltd,5760
AP28TD2444,Ashok Leyland Ltd,5759
AP28TE1112,Ashok Leyland Ltd,5760
AP28TE1314,Ashok Leyland Ltd,5760
AP29TB6179,Tata Motors Ltd,5883
AP29V9164,Ashok Leyland Ltd,5759
AP28TB7589,Ashok Leyland Ltd,5760
AP13X9842,Ashok Leyland Ltd,5759
AP10V1424,Ashok Leyland Ltd,6540
AP13X1178,Ashok Leyland Ltd,6014
AP09BW7854,Tata Motors Ltd,12148
AP13X6738,Ashok Leyland Ltd,6014
AP11Z7098,Ashok Leyland Ltd,5759
AP11Z7103,Ashok Leyland Ltd,5759
AP13X1718,Ashok Leyland Ltd,5759
AP12V3595,Ashok Leyland Ltd,6014
AP13X1371,Ashok Leyland Ltd,6540
AP16TB7801,Ashok Leyland Ltd,5759
AP12V1782,Ashok Leyland Ltd,6014
AP28Z6096,Ashok Leyland Ltd,6014
AP29AL8559,Ashok Leyland Ltd,6540
AP28TB8055,Ashok Leyland Ltd,5760
TS07UA9717,Ashok Leyland Ltd,5759
AP28TB7844,Tata Motors Ltd,5833
AP13X2863,Ashok Leyland Ltd,6014
AP28TB7879,Ashok Leyland Ltd,5759
AP16TW7618,Ashok Leyland Ltd,6940
AP28TA5173,Ashok Leyland Ltd,5759
AP28TA5132,Ashok Leyland Ltd,5759
AP28TA6466,Ashok Leyland Ltd,5759
AP16TB7938,Tata Motors Ltd,5833
AP28TB8329,Tata Motors Ltd,5833
AP29V4270,Ashok Leyland Ltd,5759
AP11Z7168,Ashok Leyland Ltd,5759
AP16TX8095,Ashok Leyland Ltd,5759
AP16TW3118,Ashok Leyland Ltd,6014
AP11Z7201,Ashok Leyland Ltd,5759
AP28TA6066,Ashok Leyland Ltd,5759
AP28TA5240,Ashok Leyland Ltd,5760
TG05T2526,Ashok Leyland Ltd,6014
AP23W6444,Ashok Leyland Ltd,5759
AP16TB9689,Tata Motors Ltd,5883
AP12U3456,Tata Engg. And Loco Co.,5883
AP12V1687,Ashok Leyland Ltd,6540
AP13W6112,Ashok Leyland Ltd,6540
AP12H4712,Tata Engg. And Loco Co.,5883
AP37V7899,Ashok Leyland Ltd,6014
AP28TA5021,Tata Motors Ltd,5833
AP29TA9293,Tata Motors Ltd,5833
AP29TA5956,Ashok Leyland Ltd,6014
AP11Z7371,Ashok Leyland Ltd,5759
AP11X8338,Ashok Leyland Ltd,6014
AP11X7299,Ashok Leyland Ltd,6014
AP24W5048,Ashok Leyland Ltd,6014
AP29T4109,Ashok Leyland Ltd,6014
AP28TA3888,Ashok Leyland Ltd,6014
AP28TA5623,Ashok Leyland Ltd,5759
AP29BJ3744,Ashok Leyland Ltd,5759
AP11Z7172,Ashok Leyland Ltd,5759
AP16TW2819,Ashok Leyland Ltd,6014
AP11Z7211,Ashok Leyland Ltd,5759
AP11Z7171,Ashok Leyland Ltd,5759
AP28TA5009,Ashok Leyland Ltd,5759
AP29TA9289,Ashok Leyland Ltd,5759
AP29BH5559,Ashok Leyland Ltd,5759
AP29TB0448,Ashok Leyland Ltd,6014
AP29TA4757,Ashok Leyland Ltd,6540
AP28TA5800,Ashok Leyland Ltd,6014
AP29AK7599,Ashok Leyland Ltd,5759
AP11Z6532,Ashok Leyland Ltd,5759
AP16TW7829,Ashok Leyland Ltd,6014
AP29U8569,Ashok Leyland Ltd,5759
AP28TA5917,Ashok Leyland Ltd,5759
AP29T7422,Ashok Leyland Ltd,5759
AP29BJ8586,Ashok Leyland Ltd,5759
AP28BM1188,Ashok Leyland Ltd,5759
AP16TB9446,Ashok Leyland Ltd,5760
AP12V0120,Ashok Leyland Ltd,6540
AP29B1026,Ashok Leyland Ltd,6540
AP13X7523,Ashok Leyland Ltd,5759
AP16TB9040,Ashok Leyland Ltd,5760
AP29U9119,Ashok Leyland Ltd,5759
AP28TA6444,Ashok Leyland Ltd,5759
AP29U3543,Ashok Leyland Ltd,6014
AP29TA7117,Ashok Leyland Ltd,5759
AP28U6902,Ashok Leyland Ltd,6540
AP28U6896,Ashok Leyland Ltd,6540
TS08EM8919,Ashok Leyland Ltd,6014
AP16TW4629,Ashok Leyland Ltd,6014
AP16TY1892,Ashok Leyland Ltd,5759
AP28BN3213,Ashok Leyland Ltd,5759
AP28TA1071,Ashok Leyland Ltd,5759
AP28TA6687,Ashok Leyland Ltd,5760
AP28BL9292,Ashok Leyland Ltd,5759
AP29TA5119,Ashok Leyland Ltd,5759
AP29TA3393,Ashok Leyland Ltd,5759
AP16TC0106,Tata Motors Limited,5883
AP29TA9879,Ashok Leyland Ltd,5760
AP28TB7172,Ashok Leyland Ltd,5759
AP29TA7387,Ashok Leyland Ltd,5759
AP29TA2062,Ashok Leyland Ltd,5759
AP29TA7748,Ashok Leyland Ltd,5759
AP11X7210,Ashok Leyland Ltd,5759
AP28X9376,Ashok Leyland Ltd,5759
AP29T6178,Ashok Leyland Ltd,6540
AP29TA9640,Ashok Leyland Ltd,5759
AP28TC0036,Ashok Leyland Ltd,5759
AP28TA2320,Ashok Leyland Ltd,6014
AP16TY4659,Tata Motors Ltd,5833
AP7T9477,Ashok Leyland Ltd,6540
AP29TA9618,Ashok Leyland Ltd,5759
AP29TA9620,Ashok Leyland Ltd,5759
AP29TA9624,Ashok Leyland Ltd,5759
AP28TA6125,Ashok Leyland Ltd,5760
AP29TA9641,Ashok Leyland Ltd,5759
AP29TA9656,Ashok Leyland Ltd,5759
AP29TA9648,Ashok Leyland Ltd,5759
AP11Z7335,Ashok Leyland Ltd,5759
AP29TA9631,Ashok Leyland Ltd,5759
AP29TA9653,Ashok Leyland Ltd,5759
AP29TA9670,Ashok Leyland Ltd,5759
AP29TA9661,Ashok Leyland Ltd,5759
AP23N3699,Ashok Leyland Ltd,5759
AP10U9549,Ashok Leyland Ltd,6540
AP28X5715,Ashok Leyland Ltd,6014
AP29V2346,Ashok Leyland Ltd,6014
AP29TA9957,Tata Motors Ltd,5883
AP29U0954,Ashok Leyland Ltd,5759
AP28TC1407,Ashok Leyland Ltd,5759
AP29TA9668,Ashok Leyland Ltd,5759
AP29TA9671,Ashok Leyland Ltd,5759
AP29TA9654,Ashok Leyland Ltd,5759
AP11W9385,Ashok Leyland Ltd,6014
AP16TW9147,Ashok Leyland Ltd,6540
AP16TW6690,Ashok Leyland Ltd,6014
TG29T1474,Tata Engg. And Loco Co.,5883
AP28TA0615,Ashok Leyland Ltd,6940
AP28X4929,Ashok Leyland Ltd,6014
AP28TA0549,Ashok Leyland Ltd,5759
AP29T8042,Ashok Leyland Ltd,6014
AP31TT9250,Ashok Leyland Ltd,5759
AP28V9125,Ashok Leyland Ltd,6540
AP29T8762,Ashok Leyland Ltd,6014
AP13X0120,Ashok Leyland Ltd,6014
AP28TA6592,Ashok Leyland Ltd,5759
AP29BG2727,Ashok Leyland Ltd,5759
AP16TW6008,Ashok Leyland Ltd,6014
AP21X0181,Ashok Leyland Ltd,6014
AP13W8438,Ashok Leyland Ltd,6014
AP01T7575,Ashok Leyland Ltd,6540
AP29TA6888,Ashok Leyland Ltd,5759
AP29Z0183,Ashok Leyland Ltd,5760
AP11Z7375,Ashok Leyland Ltd,5759
AP12U6432,Ashok Leyland Ltd,6014
AP28TA3817,Ashok Leyland Ltd,6014
AP29TB0303,Ashok Leyland Ltd,5759
AP28BM1818,Ashok Leyland Ltd,5760
AP29V2172,Ashok Leyland Ltd,5759
AP16TX3793,Tata Motors Limited,5883
AP28TA1695,Ashok Leyland Ltd,6940
AP29TA3265,Ashok Leyland Ltd,5759
AP28U6606,Ashok Leyland Ltd,6540
AP16TX8939,Ashok Leyland Ltd,5759
AP11Z7403,Ashok Leyland Ltd,5759
AP28TA6334,Ashok Leyland Ltd,5759
AP29U9075,Ashok Leyland Ltd,6014
AP28Y2576,Ashok Leyland Ltd,5759
AP22V4680,Ashok Leyland Ltd,6014
AP28Y6891,Ashok Leyland Ltd,6014
AP04X2228,Tata Motors Limited,5883
AP29TB0483,Ashok Leyland Ltd,5759
AP16TY0738,Ashok Leyland Ltd,5759
AP02X1417,Ashok Leyland Ltd,5759
AP28X9218,Ashok Leyland Ltd,6014
AP16TY6287,Ashok Leyland Ltd,5759
AP16TU6556,Tata Engg. And Loco Co.,5883
AP29TA6993,Ashok Leyland Ltd,5759
AP28V6070,Ashok Leyland Ltd,6014
AP29Z0597,Ashok Leyland Ltd,5760
AP29TB1166,Ashok Leyland Ltd,5759
AP29TB0487,Ashok Leyland Ltd,5759
TG27T1137,Tata Motors Ltd,5833
AP16TY0428,Ashok Leyland Ltd,5759
AP29BH5304,Tata Motors Ltd,12148
AP29Z3282,Ashok Leyland Ltd,5760
AP28BU2224,Ashok Leyland Ltd,16050
AP28TD1859,Ashok Leyland Ltd,5759
AP29Z3289,Ashok Leyland Ltd,5760
AP05TU9310,Ashok Leyland Ltd,6540
AP28TD2791,Ashok Leyland Ltd,5759
AP29TA9699,Ashok Leyland Ltd,5759
AP29BF8586,Ashok Leyland Ltd,5759
AP16TY4940,Ashok Leyland Ltd,5760
AP29TA8814,Ashok Leyland Ltd,5759
AP28TE3369,Tata Motors Ltd,5883
AP29TB4229,Tata Motors Ltd,5883
AP28TD3033,Ashok Leyland Ltd,5759
AP29BH9189,Ashok Leyland Ltd,5759
AP29BS5778,Ashok Leyland Ltd,5760
AP24Y4569,Ashok Leyland Ltd,5759
AP29BF7760,Ashok Leyland Ltd,5759
AP28TD2778,Ashok Leyland Ltd,5759
AP28TD4844,Ashok Leyland Ltd,6014
AP29TB5857,Ashok Leyland Ltd,5760
AP36Y5078,Ashok Leyland Ltd,5759
TS05UB3133,Ashok Leyland Ltd,5759
AP29TA8914,Tata Motors Ltd,5833
AP29TB6226,Ashok Leyland Ltd,5759
AP29TB5885,Tata Motors Ltd,5883
AP29TB6633,Ashok Leyland Ltd,5759
AP28TE1562,Tata Motors Ltd,5883
AP28TE2129,Tata Motors Ltd,5883
AP29BR5598,Ashok Leyland Ltd,5760
AP29W0396,Ashok Leyland Ltd,5760
AP28TD2507,Ashok Leyland Ltd,5759
AP28TD2448,Ashok Leyland Ltd,5759
AP29AT3694,Ashok Leyland Ltd,5760
AP28TE1599,Tata Motors Ltd,5883
AP29TB6110,Tata Motors Ltd,5883
AP15TA7108,Ashok Leyland Ltd,5759
AP07TA2879,Tata Motors Ltd,5833
AP29B6786,Ashok Leyland Ltd,6540
AP28TD2580,Tata Motors Ltd,5883
AP29TA9269,Ashok Leyland Ltd,5759
AP29BH1899,Tata Motors Ltd,12148
AP29W0207,Tata Motors Ltd,5883
AP24X2266,Ashok Leyland Ltd,6014
AP29AU8118,Ashok Leyland Ltd,5760
AP28TE1809,Tata Motors Ltd,5883
AP29BH7339,Ashok Leyland Ltd,5759
AP13K7174,Bajaj Auto Ltd,9927
AP23V7392,Tata Engg. And Loco Co.,5883
AP16TY8747,Ashok Leyland Ltd,5759
AP29W0089,Tata Motors Ltd,5883
AP29AW1819,Ashok Leyland Ltd,5760
AP29AW1189,Ashok Leyland Ltd,5760
TG29T4483,Ashok Leyland Ltd,5759
AP29TB6343,Ashok Leyland Ltd,5760
AP28TE2176,Tata Motors Ltd,5883
AP24X8179,Ashok Leyland Ltd,6014
AP12V1602,Ashok Leyland Ltd,5759
AP29TB0479,Ashok Leyland Ltd,5759
AP11U2535,Ashok Leyland Ltd,6540
AP29U3803,Ashok Leyland Ltd,5759
AP27X1777,Ashok Leyland Ltd,5759
AP16Y7257,Ashok Leyland Ltd,6014
AP29V2700,Ashok Leyland Ltd,5759
AP16TW7098,Ashok Leyland Ltd,6014
AP16TY7269,Ashok Leyland Ltd,5759
AP16TA6399,Ashok Leyland Ltd,6014
AP11W1686,Ashok Leyland Ltd,6540
AP16TX3894,Ashok Leyland Ltd,5759
AP16TY6859,Ashok Leyland Ltd,5759
AP29TA8028,Ashok Leyland Ltd,5759
TG29T3789,Ashok Leyland Ltd,5759
AP29BG6229,Ashok Leyland Ltd,5759
AP29TA6626,Ashok Leyland Ltd,5759
AP29TB0542,Ashok Leyland Ltd,5759
AP16TY4438,Tata Motors Ltd,5833
AP12U9615,Ashok Leyland Ltd,6540
AP29U0654,Ashok Leyland Ltd,5759
AP22V4299,Ashok Leyland Ltd,6014
TG29T3625,Tata Motors Ltd,5883
AP28TB6858,Ashok Leyland Ltd,5759
AP29TB0496,Ashok Leyland Ltd,5759
AP29TA5210,Ashok Leyland Ltd,6014
AP28Y3620,Ashok Leyland Ltd,6940
AP13W6775,Ashok Leyland Ltd,6014
AP29TA1305,Ashok Leyland Ltd,5759
AP29TB1405,Tata Motors Ltd,5883
AP07TT5695,Ashok Leyland Ltd,5759
AP16TW7308,Ashok Leyland Ltd,6014
AP16TY5459,Tata Motors Ltd,5833
AP29Z0626,Ashok Leyland Ltd,5760
AP29TA3434,Ashok Leyland Ltd,5759
AP29Z0629,Ashok Leyland Ltd,5760
AP29T8686,Ashok Leyland Ltd,5759
AP20U3434,Ashok Leyland Ltd,6540
AP29TA5790,Ashok Leyland Ltd,6940
AP29Z0360,Ashok Leyland Ltd,5760
AP29Z0819,Ashok Leyland Ltd,5760
AP29Z1098,Ashok Leyland Ltd,5760
AP29V4459,Ashok Leyland Ltd,5759
AP16TY4636,Tata Motors Ltd,5833
AP28TC2577,Ashok Leyland Ltd,5760
AP29Z0942,Ashok Leyland Ltd,5760
AP29TA8229,Ashok Leyland Ltd,5759
AP29U2056,Ashok Leyland Ltd,6014
AP28TC4731,Ashok Leyland Ltd,6540
AP29TA2304,Ashok Leyland Ltd,5759
AP28TB6999,Ashok Leyland Ltd,5759
AP12V0935,Ashok Leyland Ltd,6540
AP16TY1516,Ashok Leyland Ltd,5759
AP29Z0923,Ashok Leyland Ltd,5760
AP29U2057,Ashok Leyland Ltd,6014
AP29Z0401,Ashok Leyland Ltd,5760
AP29Z0533,Ashok Leyland Ltd,5760
AP26Y3009,Tata Motors Limited,5883
AP16TY4596,Ashok Leyland Ltd,5760
AP29TB1143,Tata Motors Ltd,5883
AP29V5101,Tata Motors Ltd,5883
AP29TA6857,Tata Motors Limited,5883
AP29TA6820,Ashok Leyland Ltd,5759
AP28Y3104,Ashok Leyland Ltd,6014
AP28TB6818,Ashok Leyland Ltd,6014
AP29V1828,Ashok Leyland Ltd,5759
AP16TY5468,Tata Motors Ltd,5833
AP27W7259,Ashok Leyland Ltd,6014
AP29U1267,Ashok Leyland Ltd,6014
AP04X8103,Ashok Leyland Ltd,5760
AP29TA7909,Ashok Leyland Ltd,5759
AP29U6198,Ashok Leyland Ltd,5759
AP16TY0055,Ashok Leyland Ltd,6014
AP29TA7327,Ashok Leyland Ltd,5759
AP16TY4829,Ashok Leyland Ltd,5760
AP16TY7747,Tata Motors Ltd,5883
AP29Z0507,Ashok Leyland Ltd,5760
AP16TC4668,Ashok Leyland Ltd,5759
AP29TA6643,Ashok Leyland Ltd,6014
AP29Z1562,Ashok Leyland Ltd,5760
AP11X5500,Ashok Leyland Ltd,6014
AP28Y3969,Ashok Leyland Ltd,6014
AP16TW1635,Ashok Leyland Ltd,6540
AP29Z0718,Ashok Leyland Ltd,5760
AP29TA7492,Ashok Leyland Ltd,5759
AP28TA7663,Ashok Leyland Ltd,5759
AP28TA7205,Ashok Leyland Ltd,5759
AP28TC4779,Tata Motors Ltd,5883
AP29TA7493,Ashok Leyland Ltd,5759
AP16TY6857,Ashok Leyland Ltd,5759
AP28TA7525,Tata Motors Ltd,5883
AP29TA3279,Ashok Leyland Ltd,5759
AP28Y7479,Ashok Leyland Ltd,6014
AP29TB1243,Tata Motors Ltd,5883
AP16TY7434,Tata Motors Ltd,5883
AP28X8544,Ashok Leyland Ltd,6014
AP16TU6098,Ashok Leyland Ltd,6014
AP29TB1899,Ashok Leyland Ltd,5759
AP28Y6171,Ashok Leyland Ltd,5759
AP29TA2146,Ashok Leyland Ltd,6014
AP28TA8744,Ashok Leyland Ltd,5759
AP29V6359,Tata Motors Ltd,5883
AP29TB2348,Tata Motors Ltd,5883
AP28TA4014,Ashok Leyland Ltd,6014
AP28TA4015,Ashok Leyland Ltd,6014
AP29TB2034,Tata Motors Ltd,5883
AP28TA2202,Ashok Leyland Ltd,5759
AP29TB1827,Tata Motors Ltd,5883
AP29Z1362,Ashok Leyland Ltd,5760
AP29TB2268,Tata Motors Ltd,5883
AP16TY7287,Tata Motors Ltd,5883
AP29Z0972,Ashok Leyland Ltd,5760
AP29BH0869,Ashok Leyland Ltd,5759
AP28TC2525,Ashok Leyland Ltd,6014
AP28TA0369,Ashok Leyland Ltd,5759
AP29V6539,Ashok Leyland Ltd,5759
AP29V3195,Ashok Leyland Ltd,5759
AP29TB1310,Tata Motors Ltd,5883
AP29V4500,Ashok Leyland Ltd,5759
AP29V3746,Ashok Leyland Ltd,5759
AP28TC5577,Ashok Leyland Ltd,5759
AP29Z1796,Ashok Leyland Ltd,5760
AP29TA0002,Ashok Leyland Ltd,6014
TS05FJ1870,Ashok Leyland Ltd,5760
AP24W6339,Ashok Leyland Ltd,6014
AP16TW9333,Ashok Leyland Ltd,6014
AP29TB2493,Ashok Leyland Ltd,5759
AP29TA2405,Ashok Leyland Ltd,6940
AP28TA4828,Ashok Leyland Ltd,5759
AP29TA8883,Ashok Leyland Ltd,5759
AP16TY2289,Ashok Leyland Ltd,5759
AP16TY4537,Tata Motors Ltd,5833
TS07HB3870,Ashok Leyland Ltd,5759
AP28Y3680,Tata Motors Limited,5883
AP16TY6553,Ashok Leyland Ltd,5759
AP28TB7364,Ashok Leyland Ltd,5759
AP25T9117,Ashok Leyland Ltd,6540
AP29Z1462,Ashok Leyland Ltd,5760
AP29TB1304,Tata Motors Ltd,5883
AP05W0367,Ashok Leyland Ltd,5759
AP16Y7662,Ashok Leyland Ltd,6014
AP16TC4686,Tata Motors Ltd,5883
AP29Z1742,Ashok Leyland Ltd,5760
AP28TC4031,Ashok Leyland Ltd,5759
AP29V2367,Ashok Leyland Ltd,6014
AP16TY4946,Ashok Leyland Ltd,5760
AP29TB1176,Tata Motors Ltd,5883
AP15X6500,Ashok Leyland Ltd,6014
AP31X7666,Tata Engg. And Loco Co.,5883
AP27U5758,Tata Engg. And Loco Co.,5883
AP12V0332,Ashok Leyland Ltd,6540
AP28TA2155,Ashok Leyland Ltd,5759
AP28TA7412,Ashok Leyland Ltd,5759
AP29Z1213,Ashok Leyland Ltd,5760
AP28TA8969,Ashok Leyland Ltd,5759
AP28Y4188,Ashok Leyland Ltd,6014
AP29Z1797,Ashok Leyland Ltd,5760
AP13W8364,Ashok Leyland Ltd,6014
AP28TA0120,Ashok Leyland Ltd,6014
AP29TA6269,Ashok Leyland Ltd,5759
AP29TB1052,Ashok Leyland Ltd,5759
AP29TB1257,Ashok Leyland Ltd,5759
AP29U1899,Ashok Leyland Ltd,6014
AP03W7375,Ashok Leyland Ltd,6014
AP29U2817,Ashok Leyland Ltd,6540
AP29Z1492,Ashok Leyland Ltd,6014
AP28TA7668,Tata Motors Ltd,5883
AP29TB1659,Tata Motors Ltd,5883
AP28TC4377,Tata Motors Ltd,5883
AP28TB4555,Ashok Leyland Ltd,6014
AP29T9007,Ashok Leyland Ltd,6014
AP28Y3369,Ashok Leyland Ltd,6940
AP28X8892,Ashok Leyland Ltd,5759
AP16TY5829,Tata Motors Ltd,5833
AP29V3039,Ashok Leyland Ltd,5760
AP29Z1051,Ashok Leyland Ltd,5760
AP29Z1268,Ashok Leyland Ltd,5760
AP28Y5499,Ashok Leyland Ltd,5759
AP16TY5585,Ashok Leyland Ltd,5760
AP29TA2189,Ashok Leyland Ltd,5759
AP16TW9713,Ashok Leyland Ltd,6014
AP29TA5557,Ashok Leyland Ltd,6014
AP29TA5556,Ashok Leyland Ltd,6014
AP29TB2745,Tata Motors Ltd,5883
AP29Z1420,Ashok Leyland Ltd,5760
AP16Z0024,Ashok Leyland Ltd,5759
AP28TC3737,Ashok Leyland Ltd,6014
AP29Z1948,Ashok Leyland Ltd,5760
AP29Z1230,Ashok Leyland Ltd,5760
AP29Z1416,Ashok Leyland Ltd,5760
AP16TY7988,Ashok Leyland Ltd,5759
AP29AK5203,Bajaj Auto Ltd,9927
AP29TA7809,Ashok Leyland Ltd,5759
AP29TA3978,Ashok Leyland Ltd,5759
AP29Z1428,Ashok Leyland Ltd,5760
AP16TY3199,Tata Motors Ltd,5833
AP28Y8060,Ashok Leyland Ltd,5759
AP16TC1919,Tata Motors Ltd,5883
AP29TA5106,Ashok Leyland Ltd,5759
AP29U2597,Ashok Leyland Ltd,6540
AP28TA8425,Ashok Leyland Ltd,5759
AP29TB2168,Tata Motors Ltd,5883
AP16TY6977,Ashok Leyland Ltd,5759
AP29Z1476,Ashok Leyland Ltd,5760
AP28TA8856,Ashok Leyland Ltd,5760
AP29Z0747,Ashok Leyland Ltd,5760
AP16TY5709,Ashok Leyland Ltd,5760
AP29V2124,Ashok Leyland Ltd,6940
AP29TA7289,Ashok Leyland Ltd,5759
AP29Z1437,Ashok Leyland Ltd,5760
AP37X3639,Ashok Leyland Ltd,6014
AP29U2707,Ashok Leyland Ltd,6540
AP29V3525,Ashok Leyland Ltd,5759
AP29TA2456,Ashok Leyland Ltd,5759
AP28Y0702,Ashok Leyland Ltd,6014
AP04Y8813,Ashok Leyland Ltd,5759
AP28TA1499,Ashok Leyland Ltd,5759
TG34T0043,Ashok Leyland Ltd,6014
AP12U9459,Ashok Leyland Ltd,6540
AP29Z1947,Ashok Leyland Ltd,5760
AP29AL4662,Ashok Leyland Ltd,5759
AP29TB2433,Ashok Leyland Ltd,5759
AP04Y0788,Ashok Leyland Ltd,5759
AP29V6824,Ashok Leyland Ltd,5759
AP28TA9549,Tata Motors Ltd,5883
AP16TW3817,Ashok Leyland Ltd,6014
AP29Z2075,Ashok Leyland Ltd,5760
AP29Z2014,Ashok Leyland Ltd,5760
AP29TB2459,Tata Motors Ltd,5883
AP29V4339,Ashok Leyland Ltd,5759
AP16TV2956,Ashok Leyland Ltd,6014
AP13X7086,Ashok Leyland Ltd,6014
AP16TC5277,Ashok Leyland Ltd,5759
AP16TC5857,Ashok Leyland Ltd,5759
AP29TA9379,Tata Motors Ltd,5883
AP29Z2237,Ashok Leyland Ltd,5760
AP29TB3567,Ashok Leyland Ltd,5759
AP29TA7680,Ashok Leyland Ltd,6014
AP29TB3345,Tata Motors Ltd,5883
AP29TB0707,Ashok Leyland Ltd,5759
AP29T9653,Ashok Leyland Ltd,5759
TG34T6437,Ashok Leyland Ltd,6014
AP07Z0027,Ashok Leyland Ltd,5760
AP29V5571,Ashok Leyland Ltd,5759
AP29TA8235,Ashok Leyland Ltd,5760
AP29TA6113,Ashok Leyland Ltd,6540
AP29Z2005,Ashok Leyland Ltd,5760
AP29V6696,Tata Motors Ltd,5883
AP29V6052,Ashok Leyland Ltd,5759
AP28TA9047,Tata Motors Ltd,5883
AP29TA7374,Ashok Leyland Ltd,6014
AP29TB2763,Ashok Leyland Ltd,5759
AP29Z2539,Ashok Leyland Ltd,5759
AP16TC6456,Ashok Leyland Ltd,5759
AP28TA9149,Ashok Leyland Ltd,5759
AP04T4669,Ashok Leyland Ltd,6599
AP29U8969,Ashok Leyland Ltd,6014
AP29T3588,Tata Engg. And Loco Co.,5883
AP29BS9879,Ashok Leyland Ltd,5760
AP29BS1179,Ashok Leyland Ltd,5760
AP28TD3465,Ashok Leyland Ltd,5760
AP28TD2234,Ashok Leyland Ltd,5759
AP29AV9954,Ashok Leyland Ltd,5760
AP29BH5499,Ashok Leyland Ltd,5759
TG07M9153,Ashok Leyland Ltd,5759
AP29TB6656,Ashok Leyland Ltd,5759
AP37AV4356,Tata Motors Ltd,12148
AP28TD3357,Ashok Leyland Ltd,5760
AP23AB0639,Ashok Leyland Ltd,5759
AP36AF2898,Ashok Leyland Ltd,5759
AP24TA2376,Ashok Leyland Ltd,5759
AP29W0235,Tata Motors Ltd,5883
AP28TD3345,Ashok Leyland Ltd,5759
TS12UA5402,Ashok Leyland Ltd,5759
AP28TD3645,Tata Motors Ltd,5883
AP29BS2628,Ashok Leyland Ltd,5760
AP12V7115,Ashok Leyland Ltd,5759
AP28TD3429,Tata Motors Ltd,5883
AP29TA9898,Ashok Leyland Ltd,5759
AP12V7235,Ashok Leyland Ltd,5759
AP07Z0069,Ashok Leyland Ltd,5760
AP36AX3969,Ashok Leyland Ltd,5759
AP29BT2889,Ashok Leyland Ltd,5760
AP29TB3169,Ashok Leyland Ltd,5759
AP28TE3021,Ashok Leyland Ltd,5759
AP24AS5099,Ashok Leyland Ltd,5760
AP29Z2058,Ashok Leyland Ltd,5760
AP24TB0272,Ashok Leyland Ltd,5759
AP36X9533,Ashok Leyland Ltd,6014
AP28BL7634,Tata Motors Ltd,12148
AP24TA2779,Ashok Leyland Ltd,5759
AP29V4029,Ashok Leyland Ltd,5759
AP24Y4299,Ashok Leyland Ltd,5760
AP24Y4219,Ashok Leyland Ltd,5760
AP36TA0456,Ashok Leyland Ltd,5759
AP24TB8028,Ashok Leyland Ltd,5759
TG29T4489,Ashok Leyland Ltd,5759
AP24TB1488,Ashok Leyland Ltd,5759
AP16TY6127,Tata Motors Ltd,5883
AP24TB7634,Ashok Leyland Ltd,5759
AP20TB5959,Ashok Leyland Ltd,5759
AP24TB0948,Ashok Leyland Ltd,5759
AP24Y5045,Ashok Leyland Ltd,5760
AP24TA4887,Ashok Leyland Ltd,5759
AP20TB5859,Ashok Leyland Ltd,5759
AP23W3223,Ashok Leyland Ltd,6014
AP23W4323,Ashok Leyland Ltd,6014
AP24Y4698,Ashok Leyland Ltd,5759
AP24TA3535,Ashok Leyland Ltd,5759
AP27W9655,Ashok Leyland Ltd,6014
AP24Y7388,Ashok Leyland Ltd,5760
AP29TB8299,Ashok Leyland Ltd,5759
AP24TB7697,Ashok Leyland Ltd,5759
AP20TA8559,Ashok Leyland Ltd,5760
AP09BG9953,Bajaj Auto Ltd,9927
AP24TB0258,Ashok Leyland Ltd,5759
AP05TU0275,Ashok Leyland Ltd,6014
AP16TT2428,Ashok Leyland Ltd,6014
AP29W0819,Ashok Leyland Ltd,5759
AP07V4885,Ashok Leyland Ltd,6540
AP24Y3041,Ashok Leyland Ltd,5759
AP29Z3410,Ashok Leyland Ltd,5760
AP24TA2677,Ashok Leyland Ltd,5759
AP24V6428,Tata Engg. And Loco Co.,5883
AP24Y4533,Ashok Leyland Ltd,5760
AP23Z0049,Ashok Leyland Ltd,5760
AP24TB2214,Ashok Leyland Ltd,5759
AP24TB1089,Ashok Leyland Ltd,5759
AP24TB1249,Ashok Leyland Ltd,5759
AP36Y5166,Tata Motors Ltd,5833
AP29BT5625,Ashok Leyland Ltd,5760
AP29TB3359,Ashok Leyland Ltd,5759
AP29TB3555,Ashok Leyland Ltd,5759
AP29BP6057,Ashok Leyland Ltd,5760
AP29TB2479,Tata Motors Ltd,5883
AP28TC9599,Ashok Leyland Ltd,5759
AP29TB2410,Ashok Leyland Ltd,5759
AP16TY5588,Tata Motors Ltd,5833
AP16TY6499,Tata Motors Ltd,5833
AP29TA5706,Ashok Leyland Ltd,5759
AP22W9331,Ashok Leyland Ltd,6540
AP29TB5338,Tata Motors Ltd,5883
AP29BH3897,Ashok Leyland Ltd,5759
AP29U7583,Ashok Leyland Ltd,6014
AP16TY8198,Ashok Leyland Ltd,5759
AP28DK5995,Ashok Leyland Ltd,5759
AP29TB2431,Ashok Leyland Ltd,5759
AP16TY8477,Ashok Leyland Ltd,5759
AP01U9994,Ashok Leyland Ltd,6540
AP28Y4653,Ashok Leyland Ltd,6014
AP29V3464,Ashok Leyland Ltd,5759
AP29AK1649,Ashok Leyland Ltd,5759
AP16TY8559,Tata Motors Ltd,5883
AP29Z2467,Ashok Leyland Ltd,5760
AP29V9199,Ashok Leyland Ltd,5759
TS12EL1314,Ashok Leyland Ltd,5760
AP16TY8365,Ashok Leyland Ltd,5759
TS30T1319,Tata Motors Ltd,5883
AP29TB3900,Tata Motors Ltd,5883
AP22Y0169,Ashok Leyland Ltd,5759
AP16TY5643,Ashok Leyland Ltd,5760
AP28TC7318,Ashok Leyland Ltd,5759
TG08U3674,Ashok Leyland Ltd,6940
AP29U6284,Ashok Leyland Ltd,5759
AP29Z2521,Ashok Leyland Ltd,5760
AP28BL6660,Apollo Construc Equip Pvt Ltd,6540
AP24W5889,Ashok Leyland Ltd,6014
AP29TA6578,Tata Motors Ltd,5833
AP28TA9526,Tata Motors Ltd,5883
AP29TB3978,Ashok Leyland Ltd,5759
AP29TB2879,Ashok Leyland Ltd,5759
AP12V1226,Ashok Leyland Ltd,6940
AP29AS6864,Ashok Leyland Ltd,5760
AP24W3959,Ashok Leyland Ltd,6014
AP31TW0339,Ashok Leyland Ltd,5759
AP28TD0279,Ashok Leyland Ltd,5759
AP29U6283,Ashok Leyland Ltd,5759
AP29TB4635,Tata Motors Ltd,5883
AP16TC8649,Tata Motors Ltd,5883
AP29Z2968,Ashok Leyland Ltd,5760
AP29Z2564,Ashok Leyland Ltd,5760
AP29TB4334,Ashok Leyland Ltd,5759
AP04V8500,Ashok Leyland Ltd,6014
AP29TA6998,Tata Motors Ltd,5833
AP29BQ1314,Ashok Leyland Ltd,5760
AP36Y2979,Ashok Leyland Ltd,5759
AP11X7860,Ashok Leyland Ltd,6014
AP29TB3834,Ashok Leyland Ltd,5759
AP28TB6416,Ashok Leyland Ltd,5759
AP29V7168,Ashok Leyland Ltd,5759
AP29V3609,Ashok Leyland Ltd,5759
AP29V8189,Ashok Leyland Ltd,5759
AP16TC8778,Tata Motors Ltd,5883
AP29TA7146,Ashok Leyland Ltd,5759
AP29Z2980,Ashok Leyland Ltd,5760
AP29TB2794,Tata Motors Ltd,5883
AP02TA0225,Ashok Leyland Ltd,6014
AP29TB2795,Tata Motors Ltd,5883
AP29TA7752,Ashok Leyland Ltd,5759
AP12V6718,Ashok Leyland Ltd,5759
AP28TA4456,Ashok Leyland Ltd,5760
AP28X1896,Ashok Leyland Ltd,5759
AP29TB4039,Ashok Leyland Ltd,5759
AP29TA6665,Tata Motors Ltd,5833
AP12V6813,Ashok Leyland Ltd,5759
AP29BH0655,Ashok Leyland Ltd,5759
AP28TC9733,Ashok Leyland Ltd,5759
AP28TE0319,Ashok Leyland Ltd,5759
AP29TB5099,Ashok Leyland Ltd,5759
AP29TB4968,Tata Motors Ltd,5883
AP16TD1149,Ashok Leyland Ltd,5759
AP29TB4757,Tata Motors Ltd,5883
AP29TA6863,Ashok Leyland Ltd,5759
AP29V7669,Mahindra Navistar Automotives Ltd,7118
AP16TY9227,Tata Motors Ltd,5883
AP29TB5129,Tata Motors Ltd,5883
AP29TB4719,Ashok Leyland Ltd,5760
AP28TB6726,Ashok Leyland Ltd,6014
AP36X3144,Ashok Leyland Ltd,5759
AP28TA4634,Tata Motors Ltd,5833
AP28TC8085,Ashok Leyland Ltd,5759
AP29TB4285,Ashok Leyland Ltd,5759
AP29V9149,Tata Motors Ltd,5883
AP16TU2970,Ashok Leyland Ltd,6014
AP16TY8187,Ashok Leyland Ltd,5759
AP29TA7239,Ashok Leyland Ltd,5759
AP28Y0159,Ashok Leyland Ltd,5759
AP29TA6859,Ashok Leyland Ltd,5759
AP24X6078,Ashok Leyland Ltd,5759
AP28TC7780,Ashok Leyland Ltd,5759
AP29AT5535,Ashok Leyland Ltd,5750
AP28TD1467,Tata Motors Ltd,5883
AP28TD1689,Tata Motors Ltd,5883
AP28TD0648,Tata Motors Ltd,5883
AP16TY8363,Ashok Leyland Ltd,5759
AP28TD0456,Ashok Leyland Ltd,5759
AP29TA6971,Ashok Leyland Ltd,5759
AP29TB4418,Tata Motors Ltd,5883
AP29V8699,Tata Motors Ltd,5883
AP28TC9413,Ashok Leyland Ltd,5759
TS07UA1356,Ashok Leyland Ltd,5760
AP29V4139,Ashok Leyland Ltd,5759
AP29V9059,Ashok Leyland Ltd,5759
AP29Z3067,Ashok Leyland Ltd,5760
AP28TA5558,Ashok Leyland Ltd,5759
AP16TC9729,Tata Motors Ltd,5883
AP23W8279,Ashok Leyland Ltd,5759
AP29BG1566,Ashok Leyland Ltd,5759
AP28TC8915,Tata Motors Ltd,5883
AP29TA8478,Ashok Leyland Ltd,5759
AP31Y8349,Ashok Leyland Ltd,5759
AP29TB4511,Ashok Leyland Ltd,5759
AP29Z2823,Ashok Leyland Ltd,5760
AP29T6689,Ashok Leyland Ltd,5759
AP29TA7849,Tata Motors Ltd,5833
AP29TB5556,Tata Motors Ltd,5883
AP29S2686,Bajaj Auto Ltd,9927
AP29V8377,Tata Motors Ltd,5883
AP28TC9859,Tata Motors Ltd,5883
AP29TB4858,Tata Motors Ltd,5883
AP29BH3335,Ashok Leyland Ltd,5759
AP29Z3258,Ashok Leyland Ltd,5760
AP28Y4244,Ashok Leyland Ltd,5759
AP29Z3217,Ashok Leyland Ltd,5760
AP27X9972,Ashok Leyland Ltd,5759
AP36Y4608,Ashok Leyland Ltd,5759
AP24TA2289,Tata Motors Ltd,5883
AP27W5767,Ashok Leyland Ltd,6014
AP16TW7930,Ashok Leyland Ltd,6014
AP26TB8272,Ashok Leyland Ltd,5759
AP29TB8228,Ashok Leyland Ltd,5759
AP24TA4299,Ashok Leyland Ltd,5759
AP24Y4167,Tata Motors Ltd,5833
AP24TA9558,Tata Motors Ltd,5883
AP24Y2413,Tata Motors Ltd,5833
AP28Z4855,Ashok Leyland Ltd,6014
AP24TA3588,Ashok Leyland Ltd,5759
AP24TA3678,Tata Motors Ltd,5883
AP26TB7704,Mahindra Navistar Automotives Ltd,7118
AP36W6888,Ashok Leyland Ltd,6014
AP24TB8259,Tata Motors Ltd,5883
AP20TA3477,Ashok Leyland Ltd,5759
TS12FA0639,Ashok Leyland Ltd,5760
AP24Y2411,Tata Motors Ltd,5833
AP24TB6868,Ashok Leyland Ltd,5759
AP21X7047,Ashok Leyland Ltd,6014
AP24Y5868,Ashok Leyland Ltd,5759
AP24TA3777,Tata Motors Ltd,5883
AP29TB7747,Ashok Leyland Ltd,5760
AP20TB3879,Ashok Leyland Ltd,5759
AP16TY9541,Tata Motors Ltd,5883
AP24TB4559,Tata Motors Ltd,5883
AP20TA1269,Ashok Leyland Ltd,5760
AP24TA2959,Ashok Leyland Ltd,5759
AP24TB7904,Tata Motors Ltd,5883
AP37TB2599,Tata Motors Ltd,5883
AP02AN7254,Ashok Leyland Ltd,5760
AP24TB8189,Ashok Leyland Ltd,5759
AP24X1159,Ashok Leyland Ltd,6014
AP24TA1347,Ashok Leyland Ltd,5759
AP36TA0288,Ashok Leyland Ltd,5759
AP21U4559,Ashok Leyland Ltd,6540
AP36TA0645,Ashok Leyland Ltd,5759
AP24TA2612,Ashok Leyland Ltd,5759
AP36Y0111,Tata Motors Ltd,5833
AP24TB8466,Tata Motors Ltd,5883
AP20X8469,Ashok Leyland Ltd,5759
AP24AT5746,Mahindra & Mahindra Ltd,8635
AP24TA3294,Tata Motors Ltd,5883
AP24X2007,Ashok Leyland Ltd,6014
AP24Y5575,Ashok Leyland Ltd,5759
TG29T4038,Ashok Leyland Ltd,5760
AP03X9526,Tata Motors Ltd,5833
AP24TA6958,Ashok Leyland Ltd,5759
AP20Y2259,Ashok Leyland Ltd,5759
AP20TB6699,Ashok Leyland Ltd,5759
AP20TC0239,Ashok Leyland Ltd,5759
TG12T3564,Ashok Leyland Ltd,5760
AP24TA2211,Ashok Leyland Ltd,5759
AP21X7929,Ashok Leyland Ltd,6014
AP36TA0224,Ashok Leyland Ltd,5759
AP20TA2699,Ashok Leyland Ltd,5760
AP28TD4589,Tata Motors Ltd,5883
AP24Y7899,Ashok Leyland Ltd,5759
AP24AS7569,Ashok Leyland Ltd,5760
AP25X2062,Ashok Leyland Ltd,6014
AP24TA1359,Ashok Leyland Ltd,5760
AP23Y3388,Ashok Leyland Ltd,5759
AP23Y8900,Ashok Leyland Ltd,5760
AP24TB7715,Ashok Leyland Ltd,5759
AP36Y4878,Ashok Leyland Ltd,5759
AP24TA4899,Ashok Leyland Ltd,5759
AP24TB1588,Ashok Leyland Ltd,5759
AP24TB8338,Tata Motors Ltd,5883
AP01TA1440,Ashok Leyland Ltd,6014
AP24TB9149,Tata Motors Ltd,5883
AP29Z3419,Ashok Leyland Ltd,5760
AP24TB3939,Ashok Leyland Ltd,5759
AP27Y6345,Ashok Leyland Ltd,6014
AP36TA2521,Ashok Leyland Ltd,5759
AP20TA9199,Tata Motors Ltd,5883
AP29Z3436,Ashok Leyland Ltd,5760
AP15TA4788,Tata Motors Limited,5883
AP07TU5549,Ashok Leyland Ltd,6014
AP25X6841,Ashok Leyland Ltd,5760
AP24Y6464,Ashok Leyland Ltd,5759
AP25X1590,Ashok Leyland Ltd,5759
AP29AY3823,Ashok Leyland Ltd,5760
AP24TA4239,Tata Motors Ltd,5883
AP29AY3824,Ashok Leyland Ltd,5760
AP29TB8389,Tata Motors Ltd,5883
AP29Z3460,Ashok Leyland Ltd,5760
AP29Z3458,Ashok Leyland Ltd,5760
AP20Z0084,Ashok Leyland Ltd,5760
AP24TA8555,Ashok Leyland Ltd,5759
AP25AD8508,Malkit Agro Industries,6480
AP25W0206,Ashok Leyland Ltd,6014
AP27W4572,Ashok Leyland Ltd,5759
AP24TA3688,Ashok Leyland Ltd,5759
AP24TB8547,Tata Motors Ltd,5883
AP22Z0105,Ashok Leyland Ltd,5760
AP24TB5699,Ashok Leyland Ltd,5759
AP25Z0077,Ashok Leyland Ltd,5760
AP24TA4199,Ashok Leyland Ltd,5759
AP07TC7878,Ashok Leyland Ltd,6014
AP07TC7158,Ashok Leyland Ltd,6014
AP01W8756,Ashok Leyland Ltd,6540
AP20TB7976,Ashok Leyland Ltd,5759
AP20Z0086,Ashok Leyland Ltd,5760
AP15TB9144,Tata Motors Ltd,5883
AP24Y7104,Ashok Leyland Ltd,5760
AP27TU4347,Tata Motors Ltd,5883
AP24TA3969,Tata Motors Ltd,5883
TS05EZ5724,Ashok Leyland Ltd,6014
AP25Z0061,Ashok Leyland Ltd,5760
AP26TT7369,Tata Motors Ltd,5833
AP36Y5499,Ashok Leyland Ltd,5759
AP16W5401,Ashok Leyland Ltd,6540
AP07TB7799,Ashok Leyland Ltd,5759
AAT4782,Ashok Leyland Ltd,6540
AP07TU3499,Ashok Leyland Ltd,6014
AP24AG5859,Ashok Leyland Ltd,5760
AP26X5967,Ashok Leyland Ltd,6014
AP31TD4911,Tata Motors Ltd,5883
AP04W7784,Ashok Leyland Ltd,6014
AP20TB1016,Ashok Leyland Ltd,5760
AP29BU1179,Ashok Leyland Ltd,5760
AP29W1385,Ashok Leyland Ltd,6540
AP24TB3679,Tata Motors Ltd,5883
AP24AS8289,Ashok Leyland Ltd,5760
AP28Z3433,Ashok Leyland Ltd,6014
AP20TB5283,Mahindra Navistar Automotives Ltd,7118
AP26TA5277,Ashok Leyland Ltd,5759
AP23Z0070,Ashok Leyland Ltd,5760
AP28TD4443,Tata Motors Ltd,5883
AP36X6092,Ashok Leyland Ltd,5759
AP20TC1502,Ashok Leyland Ltd,5759
AP36X9648,Ashok Leyland Ltd,6014
AP37TA1500,Tata Motors Ltd,5883
TG36T1778,Ashok Leyland Ltd,5760
AP27Y4114,Ashok Leyland Ltd,6014
AP28TD4438,Tata Motors Ltd,5883
AP28TD4439,Tata Motors Ltd,5883
AP15X7462,Ashok Leyland Ltd,6014
AP16TD5535,Tata Motors Ltd,5883
AP03TA6066,Ashok Leyland Ltd,5760
AP26X5937,Ashok Leyland Ltd,5759
AP23Y3312,Ashok Leyland Ltd,5759
AP20T4595,Ashok Leyland Ltd,6540
TS12UA0486,Ashok Leyland Ltd,6014
AP07U2977,Ashok Leyland Ltd,6540
AP20X0414,Ashok Leyland Ltd,6014
AP23X4138,Ashok Leyland Ltd,5760
AP20TC2457,Ashok Leyland Ltd,5760
AP20AE0235,Bajaj Auto Ltd,9927
AP15Z0177,Ashok Leyland Ltd,5760
AP25AD1674,Ashok Leyland Ltd,5759
AP23Y5363,Tata Motors Ltd,5883
AP20W5859,Ashok Leyland Ltd,6014
AP15Y0981,Ashok Leyland Ltd,6014
AP29Z3473,Ashok Leyland Ltd,5759
AP29Z3475,Ashok Leyland Ltd,5759
AP22X6809,Ashok Leyland Ltd,5759
AP29Z3474,Ashok Leyland Ltd,5759
AP01V8060,Ashok Leyland Ltd,5759
AP16TD5488,Ashok Leyland Ltd,5760
AP24TB1166,Ashok Leyland Ltd,5759
AP25W9260,Ashok Leyland Ltd,6538
AP37TA1700,Tata Motors Ltd,5833
AP29TB8699,Ashok Leyland Ltd,5759
AP25X2815,Tata Motors Ltd,5883
TG29T2499,Ashok Leyland Ltd,6014
AP29TB8268,Tata Motors Ltd,5883
AP22Z0101,Ashok Leyland Ltd,5760
AP25V9976,Ashok Leyland Ltd,5759
AP27Y7997,Ashok Leyland Ltd,5759
AP24TB4339,Tata Motors Ltd,5883
AP24TA9939,Tata Motors Ltd,5883
AP01X0215,Ashok Leyland Ltd,6014
AP36TB3339,Ashok Leyland Ltd,5759
AP24W1699,Ashok Leyland Ltd,6014
AP02TA9495,Ashok Leyland Ltd,5759
AP29TB8052,Ashok Leyland Ltd,5759
AP27U5899,Ashok Leyland Ltd,6540
AP22TA3789,Tata Motors Ltd,5883
AP01V9099,Ashok Leyland Ltd,5759
AP24TB9478,Ashok Leyland Ltd,5760
TG29T4484,Ashok Leyland Ltd,5759
AP16W9497,Ashok Leyland Ltd,6540
AP36Y4960,Ashok Leyland Ltd,5759
AP15W1899,Ashok Leyland Ltd,6014
AP25AQ2525,Ashok Leyland Ltd,5760
AP29W1336,Ashok Leyland Ltd,5759
AP25AD6146,Malkit Agro Industries,6480
AAZ8103,Ashok Leyland Ltd,6540
AP24TB9688,Tata Motors Ltd,5883
AP25AB0786,Tata Motors Ltd,12148
TG04T3743,Ashok Leyland Ltd,6540
AP24Y6278,Tata Motors Ltd,5883
AP29TB8999,Tata Motors Ltd,5883
AP24W6723,Ashok Leyland Ltd,6014
AP31TD5820,Tata Motors Ltd,5883
AP29Z3480,Ashok Leyland Ltd,5759
AP24X3589,Ashok Leyland Ltd,6014
AP15Y8572,Ashok Leyland Ltd,6014
AP31TB7723,Tata Motors Ltd,5883
AP24TA6479,Ashok Leyland Ltd,5759
AP01Y0921,Ashok Leyland Ltd,5760
AP36Y5599,Ashok Leyland Ltd,5759
AP24TB6729,Ashok Leyland Ltd,5759
AP07TA7299,Tata Motors Ltd,5883
AP36TA6189,Ashok Leyland Ltd,5759
AP24Z0115,Ashok Leyland Ltd,5760
AP37TA5000,Ashok Leyland Ltd,5759
AP29W2233,Ashok Leyland Ltd,5760
AP24X3412,Ashok Leyland Ltd,6014
AP36Y4589,Ashok Leyland Ltd,5759
AP36Z0253,Ashok Leyland Ltd,5760
AP25W5234,Ashok Leyland Ltd,5759
AP24AK8289,Ashok Leyland Ltd,5759
AP31TB9277,Ashok Leyland Ltd,5759
AP15TA9713,Ashok Leyland Ltd,5759
AP22W2586,Ashok Leyland Ltd,6014
AP36Y9495,Tata Motors Ltd,5883
AP15Z0170,Ashok Leyland Ltd,5760
AP27TT0979,Ashok Leyland Ltd,5760
AP28DD7849,Tata Motors Ltd,12148
AP29Z3505,Ashok Leyland Ltd,5759
AP36Y2898,Ashok Leyland Ltd,5759
AP27Y2799,Ashok Leyland Ltd,5759
AP29BU2646,Ashok Leyland Ltd,5760
AP16TD5988,Ashok Leyland Ltd,5760
AP36Y5657,Tata Motors Ltd,5833
AP22Z0120,Ashok Leyland Ltd,5760
AP07TC3645,Tata Motors Ltd,5883
AP22Y2332,Ashok Leyland Ltd,5759
AP28TE7000,Ashok Leyland Ltd,6075
AP24TA4848,Ashok Leyland Ltd,5759
AP15TB1989,Ashok Leyland Ltd,5759
AP22Z0129,Ashok Leyland Ltd,5760
AP28Z6076,Ashok Leyland Ltd,6540
AP36TB3519,Ashok Leyland Ltd,9080
AP36TB3159,Ashok Leyland Ltd,5759
AP29W2345,Tata Motors Ltd,5883
AP29BU3339,Tata Motors Ltd,5883
AP29TB8928,Ashok Leyland Ltd,5759
AP22Y3669,Tata Motors Ltd,5883
AP23W9265,Ashok Leyland Ltd,5759
AP22Y4131,Ashok Leyland Ltd,5759
AP28TD4433,Tata Motors Ltd,5883
AP29W2229,Tata Motors Ltd,5883
AP24Y6292,Tata Motors Ltd,5883
AP07TD4145,Tata Motors Ltd,5883
AP24V8799,Ashok Leyland Ltd,6014
AP03TB3789,Tata Motors Ltd,5883
AP36TB2862,Ashok Leyland Ltd,5759
AP16TW2537,Ashok Leyland Ltd,6014
AP22Z0135,Ashok Leyland Ltd,5760
AP20TB6389,Ashok Leyland Ltd,5759
AP01Y3899,Ashok Leyland Ltd,5759
AP22Z0133,Ashok Leyland Ltd,5760
AP01W6867,Ashok Leyland Ltd,5759
AP28TE5567,Tata Motors Ltd,5883
AP29BF1690,Ashok Leyland Ltd,6540
AP26TT1266,Ashok Leyland Ltd,5759
AP31TD5817,Tata Motors Ltd,5883
AP22Z0106,Ashok Leyland Ltd,5760
AP298289,Ashok Leyland Ltd,6540
AP24TA4525,Ashok Leyland Ltd,5759
AP15TA5166,Ashok Leyland Ltd,5759
AP15TC2155,Ashok Leyland Ltd,5759
AP24TA5279,Tata Motors Ltd,5883
AP15TC2709,Man Force Trucks Pvt.Ltd,6871
AP15TB1945,Tata Motors Ltd,5883
AP36TA1629,Tata Motors Ltd,5883
AP01Y4448,Tata Motors Ltd,5883
AP31TA4235,Ashok Leyland Ltd,5760
AP24TC1112,Ashok Leyland Ltd,5759
AP24TA5436,Ashok Leyland Ltd,5759
AP01V6493,Ashok Leyland Ltd,6540
AP24TC1115,Ashok Leyland Ltd,5759
AP24TC0558,Tata Motors Ltd,5883
AP24TA5349,Tata Motors Ltd,5883
AP16TD6188,Ashok Leyland Ltd,5760
AP20TA3699,Ashok Leyland Ltd,5759
AP28DE3207,Tata Motors Ltd,12148
AP24TC0063,Tata Motors Ltd,5883
AP26TT7843,Ashok Leyland Ltd,5759
AP01X9764,Ashok Leyland Ltd,6014
AP31TW4949,Ashok Leyland Ltd,5760
AP28TD4976,Tata Motors Ltd,5883
AP22TA4545,Tata Motors Ltd,5883
AP24TB2588,Ashok Leyland Ltd,5759
AP28DE6317,Tata Motors Ltd,12148
AP29TB8879,Tata Motors Ltd,5883
AP28TD4980,Tata Motors Ltd,5883
AP24Y5693,Ashok Leyland Ltd,5760
AP36Y6399,Ashok Leyland Ltd,5760
AP26TC0117,Tata Motors Ltd,5883
AP26TC0126,Ashok Leyland Ltd,5759
AP03X7779,Ashok Leyland Ltd,6014
AP07TA6549,Ashok Leyland Ltd,5759
AP24TC0041,Ashok Leyland Ltd,5759
AP27Y0101,Ashok Leyland Ltd,6014
AP07TA6531,Ashok Leyland Ltd,5760
AP35V6299,Ashok Leyland Ltd,6014
AP15TA3523,Ashok Leyland Ltd,6014
AP15TA3520,Ashok Leyland Ltd,6014
AP28TE7009,Tata Motors Ltd,5883
AP36Y0768,Ashok Leyland Ltd,5759
AP01Y8365,Tata Motors Ltd,5883
AP15TB2607,Ashok Leyland Ltd,5759
AP01W1234,Ashok Leyland Ltd,6014
ATK0033,Ashok Leyland Ltd,6540
AP24TC0358,Ashok Leyland Ltd,5759
AP22Y6910,Ashok Leyland Ltd,5759
AP01W9041,Ashok Leyland Ltd,6014
AP07TD4789,Tata Motors Ltd,5883
AP22X6160,Ashok Leyland Ltd,5759
AP26TT7322,Ashok Leyland Ltd,5759
AP20TA2989,Ashok Leyland Ltd,5760
AP28Z3674,Ashok Leyland Ltd,6540
AP20Y9799,Ashok Leyland Ltd,5759
AP01Z0080,Ashok Leyland Ltd,5760
AP23Y4144,Tata Motors Ltd,5883
AP29TB8693,Tata Motors Ltd,5883
AP20TC2444,Mahindra Navistar Automotives Ltd,7118
AP25W2160,Ashok Leyland Ltd,6014
AP24U8667,Ashok Leyland Ltd,6540
AP28CD5922,Tata Motors Ltd,12148
AP22X0223,Ashok Leyland Ltd,5759
AP24TC1104,Tata Motors Ltd,5883
AP24TC0465,Ashok Leyland Ltd,5759
AP36Y4967,Ashok Leyland Ltd,5760
AP24TB2768,Ashok Leyland Ltd,5759
AP07TE0799,Ashok Leyland Ltd,5760
AP24TA4640,Ashok Leyland Ltd,5759
AP24X9959,Ashok Leyland Ltd,6014
AP16TD6577,Ashok Leyland Ltd,5759
AP29W1546,Ashok Leyland Ltd,5759
AP28TD6219,Tata Motors Ltd,5883
TS05UB9610,Tata Motors Ltd,5883
AP20TA3039,Ashok Leyland Ltd,5759
AP01X7487,Ashok Leyland Ltd,5759
AP02TB0909,Ashok Leyland Ltd,5759
AP24TA5136,Ashok Leyland Ltd,5759
AP23W5751,Ashok Leyland Ltd,5759
AP07TB7701,Ashok Leyland Ltd,5759
AP15AP3609,Ashok Leyland Ltd,5759
AP28DE1737,Tata Motors Ltd,12148
AP29W1641,Ashok Leyland Ltd,5759
AP29W1643,Ashok Leyland Ltd,5759
AP24TB3149,Tata Motors Ltd,5883
AP31TT5117,Ashok Leyland Ltd,5759
AP15Y4281,Ashok Leyland Ltd,5759
AP23Y4777,Ashok Leyland Ltd,5759
AP29W2456,Tata Motors Ltd,5883
AP24Y3786,Ashok Leyland Ltd,5760
AP31TA5125,Ashok Leyland Ltd,5759
AP36Y1557,Ashok Leyland Ltd,6014
AP25Z0098,Ashok Leyland Ltd,5760
AP22X9899,Tata Motors Ltd,5833
AP02TB0126,Ashok Leyland Ltd,5759
AP29TB8776,Ashok Leyland Ltd,5760
AP24TA5110,Ashok Leyland Ltd,5759
AP36X6987,Ashok Leyland Ltd,6014
AP36Y2499,Ashok Leyland Ltd,5759
AP24TA6165,Ashok Leyland Ltd,5759
AP36TB3532,Ashok Leyland Ltd,5759
AP07TA3168,Tata Motors Ltd,5833
AP15TC4599,Ashok Leyland Ltd,5759
AP29W2268,Ashok Leyland Ltd,5759
AP23AE5544,Ashok Leyland Ltd,5760
AP36TA8276,Tata Motors Ltd,5883
AP24TA6768,Tata Motors Ltd,5883
AP24X5559,Ashok Leyland Ltd,5759
AP24TA6789,Ashok Leyland Ltd,5759
AP36TB3869,Tata Motors Ltd,5883
AP24TC1278,Tata Motors Ltd,5883
AP24X5757,Ashok Leyland Ltd,5759
AP29TB8606,Ashok Leyland Ltd,5759
AP24TC1413,Ashok Leyland Ltd,6540
AP07Y9009,Ashok Leyland Ltd,5760
AP36Y7778,Ashok Leyland Ltd,5760
AP36X7686,Ashok Leyland Ltd,5759
AP15Z0191,Ashok Leyland Ltd,5760
AP05W3367,Ashok Leyland Ltd,5759
AP24X7776,Ashok Leyland Ltd,5759
AP12V8891,Ashok Leyland Ltd,5759
AP15TC3636,Ashok Leyland Ltd,5759
ATT2121,Ashok Leyland Ltd,6540
AP29AZ8568,Ashok Leyland Ltd,5760
AP24TA8342,Ashok Leyland Ltd,5759
AP22TA3512,Ashok Leyland Ltd,5759
AP01W9011,Ashok Leyland Ltd,6014
AP23Y5000,Ashok Leyland Ltd,5759
AP15TC3924,Tata Motors Ltd,5883
TS01UA3978,Ashok Leyland Ltd,6540
AP07W9988,Ashok Leyland Ltd,6014
TG29T2094,Ashok Leyland Ltd,5759
AP07TA2779,Ashok Leyland Ltd,5760
AP22X9990,Ashok Leyland Ltd,5759
AP20TB3645,Ashok Leyland Ltd,5759
AP01TA0115,Ashok Leyland Ltd,6014
AP22Y8283,Ashok Leyland Ltd,5759
AP21TX4333,Tata Motors Ltd,5883
AP22X0648,Ashok Leyland Ltd,5759
AP25X8484,Tata Motors Ltd,5883
AP29TB9406,Ashok Leyland Ltd,5759
AP24Y9292,Tata Motors Ltd,5833
AP01W7467,Ashok Leyland Ltd,5759
AP24TA1622,Tata Motors Ltd,5883
AP22V4519,Ashok Leyland Ltd,6014
AP23R6579,Ashok Leyland Ltd,5759
AP24Y8989,Tata Motors Ltd,5833
AP12W0875,Ashok Leyland Ltd,6014
AP23U9917,Ashok Leyland Ltd,6014
AP01Y6665,Ashok Leyland Ltd,5759
AP01Y4089,Ashok Leyland Ltd,5759
AP15Y5582,Ashok Leyland Ltd,5759
AP20X5229,Ashok Leyland Ltd,6014
AP25AA9348,Malkit Agro Industries,6480
AP36TA0669,Tata Motors Ltd,5883
AP27TT8813,Ashok Leyland Ltd,5759
AP23Y5454,Ashok Leyland Ltd,5759
TS12UB3857,Ashok Leyland Ltd,6014
AP29TB9434,Ashok Leyland Ltd,5759
TG29T5299,Ashok Leyland Ltd,5759
AP01W0718,Ashok Leyland Ltd,6014
AP24TB3258,Ashok Leyland Ltd,5759
AP28TD6149,Ashok Leyland Ltd,5759
AP29AZ9828,Ashok Leyland Ltd,5760
AP24Y8154,Ashok Leyland Ltd,5760
AP29AJ2255,Ashok Leyland Ltd,5759
AP24TB3879,Ashok Leyland Ltd,5759
AP07T6126,Ashok Leyland Ltd,6540
AP15TA0969,Ashok Leyland Ltd,5759
AP15Z0166,Ashok Leyland Ltd,5760
TS01UA3384,Ashok Leyland Ltd,6014
AP15X9765,Ashok Leyland Ltd,6014
AP24X5445,Ashok Leyland Ltd,6014
AP07TD0299,Tata Motors Ltd,5883
AP01TA1568,Ashok Leyland Ltd,6014
AP15Y0756,Ashok Leyland Ltd,5759
AP31TA7461,Ashok Leyland Ltd,6540
TS05UC0372,Tata Motors Ltd,5883
AP15Z0142,Ashok Leyland Ltd,5760
AP22Y5172,Ashok Leyland Ltd,5759
AP22TA6111,Ashok Leyland Ltd,6540
AP20TA5469,Tata Motors Ltd,5833
AP36TA6969,Ashok Leyland Ltd,5759
AP07TD4149,Tata Motors Ltd,5883
AP20TC5377,Tata Motors Ltd,5883
AP25W7582,Ashok Leyland Ltd,6014
AP23TA0646,Ashok Leyland Ltd,5759
AP03Y5793,Tata Motors Ltd,5883
AP28BL9189,Tata Motors Ltd,12148
AP36Z0277,Ashok Leyland Ltd,5760
AP15TC4596,Ashok Leyland Ltd,5759
AP36TA5979,Ashok Leyland Ltd,5759
AP20X1288,Ashok Leyland Ltd,6014
AP36X6785,Ashok Leyland Ltd,6014
AP15TC5025,Ashok Leyland Ltd,5759
AP20Y8586,Tata Motors Ltd,5833
AP31TD0269,Tata Motors Ltd,5883
AP15TB3817,Ashok Leyland Ltd,5759
AP31TT3636,Ashok Leyland Ltd,6014
AP28TE7789,Ashok Leyland Ltd,5759
AP23X2368,Ashok Leyland Ltd,5760
AP24TA0207,Tata Motors Limited,5883
AP36Z0015,Ashok Leyland Ltd,5760
AP28TE7270,Ashok Leyland Ltd,5759
AP28TE7266,Ashok Leyland Ltd,5759
AP29TB9305,Ashok Leyland Ltd,5759
AP23W6851,Ashok Leyland Ltd,5759
AP01X2232,Ashok Leyland Ltd,5759
AP22Y0743,Ashok Leyland Ltd,5759
AP36TA3249,Ashok Leyland Ltd,5759
AP02AT9939,Ashok Leyland Ltd,5760
AP12W1179,Ashok Leyland Ltd,5759
AP24TC2009,Tata Motors Ltd,5883
AP25W4131,Ashok Leyland Ltd,5759
AEH3008,Ashok Leyland Ltd,6540
AP07TU7304,Ashok Leyland Ltd,5759
AP07TA4788,Tata Motors Ltd,5883
AP29TB9909,Ashok Leyland Ltd,5759
AP23X7322,Daimler(I)Commercial Veh P Ltd,6673
AP24Y8169,Ashok Leyland Ltd,5759
AP31TD8979,Ashok Leyland Ltd,5760
AP24TA7766,Tata Motors Ltd,5883
AP15TA7081,Ashok Leyland Ltd,5759
AP25T4141,Ashok Leyland Ltd,9000
AP31TB5278,Ashok Leyland Ltd,5759
AP36Z0028,Ashok Leyland Ltd,5760
AP24TC2959,Ashok Leyland Ltd,5759
AP21Z0478,Ashok Leyland Ltd,5760
AP15Z0043,Ashok Leyland Ltd,5759
AP24Y3879,Tata Motors Ltd,5833
AP20TA1239,Ashok Leyland Ltd,5760
AHT5923,Ashok Leyland Ltd,6540
AP16T3024,Ashok Leyland Ltd,6540
AP22AB7677,Ashok Leyland Ltd,5759
AP24TA1296,Tata Motors Ltd,5883
AP36X4858,Ashok Leyland Ltd,6014
AP23Y5949,Ashok Leyland Ltd,5759
AP29BH7389,Ashok Leyland Ltd,5759
AP23U9979,Ashok Leyland Ltd,6014
AP21Z0192,Ashok Leyland Ltd,5760
AP35W0159,Tata Motors Ltd,5883
AP04T5764,Ashok Leyland Ltd,6540
AP25V6752,Ashok Leyland Ltd,6014
AP15T1947,Ashok Leyland Ltd,6540
AP07TW3949,Ashok Leyland Ltd,5759
AP01X4008,Ashok Leyland Ltd,5759
AP36TB5355,Tata Motors Ltd,5883
AP01X6878,Ashok Leyland Ltd,5759
AP30Z0026,Ashok Leyland Ltd,5760
TG12C2236,Ashok Leyland Ltd,6014
AP24TA8688,Ashok Leyland Ltd,5759
AP21Y1259,Tata Motors Limited,5883
AP29W3133,Ashok Leyland Ltd,5759
AP02TB1689,Ashok Leyland Ltd,5759
AP01X8694,Ashok Leyland Ltd,5759
AP25W9361,Ashok Leyland Ltd,6540
AP31TB4254,Ashok Leyland Ltd,5759
AP22Y0990,Tata Motors Ltd,5883
AP15TA9009,Ashok Leyland Ltd,5760
AP24TA1599,Tata Motors Ltd,5883
AP01Z0002,Ashok Leyland Ltd,5760
AP20TB2736,Ashok Leyland Ltd,5759
AP36TA4282,Ashok Leyland Ltd,5759
AP36X8222,Ashok Leyland Ltd,6940
AP15Z0081,Ashok Leyland Ltd,5760
AP13T5443,Ashok Leyland Ltd,6540
AP23TA1578,Ashok Leyland Ltd,5759
AP30Z0011,Ashok Leyland Ltd,5760
AP20TB2989,Tata Motors Ltd,5883
AP01X2938,Ashok Leyland Ltd,6538
AP28DV7803,Ashok Leyland Ltd,5760
AP01V5991,Ashok Leyland Ltd,6014
AP28DE1681,Tata Motors Ltd,12148
AP36TB4579,Ashok Leyland Ltd,5760
AP23Z0017,Ashok Leyland Ltd,5760
AP24AS2979,Ashok Leyland Ltd,5760
AP20TA6394,Ashok Leyland Ltd,5759
TS01UA4786,Ashok Leyland Ltd,6014
AP36TA4281,Ashok Leyland Ltd,5759
AP01Y9669,Ashok Leyland Ltd,5759
AP01Y9779,Ashok Leyland Ltd,5759
AP24TC3519,Ashok Leyland Ltd,5760
AP24TA1818,Ashok Leyland Ltd,5759
AP24TA1368,Tata Motors Ltd,5883
AP02X3488,Ashok Leyland Ltd,6540
TS29TB9118,Ashok Leyland Ltd,5759
AP24TB5469,Ashok Leyland Ltd,5759
AP25W9292,Ashok Leyland Ltd,6014
AP15Z0031,Ashok Leyland Ltd,5760
TS06UB9200,Ashok Leyland Ltd,6014
AP28Y3788,Ashok Leyland Ltd,6940
AP20TA5139,Ashok Leyland Ltd,5760
AP29CB1616,Ashok Leyland Ltd,5760
AP29BW5688,Ashok Leyland Ltd,5760
AP11AA8180,Bajaj Auto Ltd,9927
AP36Z0050,Ashok Leyland Ltd,5760
AP15X6399,Ashok Leyland Ltd,5759
AP36TB5999,Tata Motors Ltd,5883
AP29CB1166,Ashok Leyland Ltd,5760
AP24TA8172,Ashok Leyland Ltd,5759
AP22T5787,Ashok Leyland Ltd,6540
AP29W3348,Ashok Leyland Ltd,5760
AP20TB4949,Ashok Leyland Ltd,5759
AP20Z0028,Ashok Leyland Ltd,5760
AP15TC5726,Ashok Leyland Ltd,5759
AP20TC5995,Ashok Leyland Ltd,5759
AP25V9117,Ashok Leyland Ltd,5759
AP22TA6759,Tata Motors Ltd,5883
AP29W2782,Ashok Leyland Ltd,5760
AP02TA7288,Ashok Leyland Ltd,5759
AP36TA5112,Ashok Leyland Ltd,5759
AAR3232,Ashok Leyland Ltd,6540
AP29W2708,Ashok Leyland Ltd,5759
AP29W2927,Ashok Leyland Ltd,5759
AP07V4678,Ashok Leyland Ltd,6540
AP24TA2277,Ashok Leyland Ltd,5759
AP24TB6628,Ashok Leyland Ltd,5759
AP15Z0050,Ashok Leyland Ltd,5760
AP07TU8101,Ashok Leyland Ltd,5759
AP28DE2217,Tata Motors Ltd,12148
AP36TB5688,Tata Motors Ltd,5883
AP20Y2799,Ashok Leyland Ltd,5760
AP01X5409,Ashok Leyland Ltd,5760
AP15X2828,Ashok Leyland Ltd,5759
AP15TC6669,Tata Motors Ltd,5883
AP24TB6338,Tata Motors Ltd,5883
AP24Y4469,Ashok Leyland Ltd,5759
AP29BW7299,Ashok Leyland Ltd,5760
AP29BW7479,Ashok Leyland Ltd,5760
AP29W2911,Ashok Leyland Ltd,5759
AP15TB5666,Ashok Leyland Ltd,5759
AP02TA2257,Ashok Leyland Ltd,5759
TG29T3713,Tata Motors Ltd,5883
AP20TB5159,Ashok Leyland Ltd,5759
AP20TB4968,Ashok Leyland Ltd,5759
TS12FA1998,Ashok Leyland Ltd,5760
AP31TA3448,Ashok Leyland Ltd,5759
AP15T1949,Ashok Leyland Ltd,6540
AP15TB0711,Tata Motors Ltd,5883
AP24TC3939,Tata Motors Ltd,5883
AP36TA4299,Ashok Leyland Ltd,5759
AP22X1188,Tata Motors Ltd,5883
AP01AA2286,Tata Motors Ltd,12148
AP04TT9889,Ashok Leyland Ltd,5759
AP36TA5560,Ashok Leyland Ltd,5759
AP15TB0126,Ashok Leyland Ltd,5759
AP07TC2556,Ashok Leyland Ltd,5759
AP20TA7788,Tata Motors Ltd,5883
AP07TA4455,Ashok Leyland Ltd,5759
AP36X1849,Ashok Leyland Ltd,6014
AP25Z0029,Ashok Leyland Ltd,5759
AP24TB1177,Ashok Leyland Ltd,5759
AP01X7677,Ashok Leyland Ltd,5759
AP25AD7686,Ashok Leyland Ltd,5759
AP36TA6272,Ashok Leyland Ltd,5759
AP28TD6758,Ashok Leyland Ltd,5760
AP15X2457,Ashok Leyland Ltd,6014
AP24W4077,Ashok Leyland Ltd,6540
AP24TB0153,Tata Motors Ltd,5883
AP22V8786,Ashok Leyland Ltd,5759
AP22T5473,Ashok Leyland Ltd,6540
AP21X9614,Ashok Leyland Ltd,6540
AP15TC6450,Ashok Leyland Ltd,5759
AP24TB1688,Mahindra Navistar Automotives Ltd,7118
AP15TA9900,Ashok Leyland Ltd,5759
AP15TC6794,Ashok Leyland Ltd,5759
AP36AZ4455,Ashok Leyland Ltd,5760
AP29TC1377,Ashok Leyland Ltd,5759
AP23Z0030,Ashok Leyland Ltd,5760
TS05UC2534,Ashok Leyland Ltd,5759
AP15TC6116,Ashok Leyland Ltd,5759
AP22Z0053,Ashok Leyland Ltd,5760
AP29W3636,Ashok Leyland Ltd,5759
TS02UA6576,Ashok Leyland Ltd,6538
TG36T1776,Ashok Leyland Ltd,5760
AP11T3986,Ashok Leyland Ltd,6540
AP07TC8389,Ashok Leyland Ltd,5759
AP25X9675,Ashok Leyland Ltd,5760
AP20TB5369,Ashok Leyland Ltd,5759
AP01X5155,Ashok Leyland Ltd,5759
AP29TC1539,Ashok Leyland Ltd,5759
TG10T3369,Ashok Leyland Ltd,5759
AP28TE9396,Tata Motors Ltd,5883
AP21TY2890,Tata Motors Ltd,5883
AP20TB5867,Ashok Leyland Ltd,5759
AP21TU5627,Ashok Leyland Ltd,5760
AP29W3699,Ashok Leyland Ltd,5760
AP36TB6336,Ashok Leyland Ltd,5759
AP23U7222,Ashok Leyland Ltd,5759
AP24TB0458,Tata Motors Ltd,5883
TS16UB0608,Ashok Leyland Ltd,5759
AP01X7878,Ashok Leyland Ltd,5759
AP29W3259,Tata Motors Ltd,5883
AP15TA4689,Tata Motors Limited,5883
AP26TC5489,Tata Motors Ltd,5883
AP22W9147,Ashok Leyland Ltd,6940
AP20TB6179,Ashok Leyland Ltd,5759
AP22Y2893,Ashok Leyland Ltd,5760
AP27TW7938,Ashok Leyland Ltd,5759
AP12W1527,Ashok Leyland Ltd,5760
AP24TC5303,Tata Motors Ltd,5883
AP15TB3366,Ashok Leyland Ltd,5759
AP15TC7285,Ashok Leyland Ltd,5759
AP16T6354,Ashok Leyland Ltd,6540
AP29U8165,Ashok Leyland Ltd,6014
AP15TC7576,Ashok Leyland Ltd,5759
AP26TB0876,Ashok Leyland Ltd,5759
TS12UA0386,Ashok Leyland Ltd,5759
AP29Z3975,Ashok Leyland Ltd,5759
AP36TA5657,Ashok Leyland Ltd,5759
AP29TC0901,Ashok Leyland Ltd,5759
AP29TC0895,Ashok Leyland Ltd,5759
AP29TC0894,Ashok Leyland Ltd,5759
AP01Y5949,Ashok Leyland Ltd,5759
AP25AR5703,Manku Agro Tech.Pvt.Ltd.,6480
TS04EA0599,Ashok Leyland Ltd,6014
AP20TB6468,Mahindra Navistar Automotives Ltd,7118
AP28TD7462,Ashok Leyland Ltd,5760
AP28TD7464,Ashok Leyland Ltd,5760
AP21TY2805,Tata Motors Ltd,5883
AP36TB7279,Ashok Leyland Ltd,5759
AP15Z0086,Ashok Leyland Ltd,5760
AP07TD7289,Tata Motors Ltd,5883
AP15TC8448,Tata Motors Ltd,5883
AP05TA9119,Ashok Leyland Ltd,5759
TS03UA0456,Ashok Leyland Ltd,5759
AP15TC2224,Ashok Leyland Ltd,5759
AP27TW7686,Ashok Leyland Ltd,5759
AP15TC7389,Ashok Leyland Ltd,5759
AP29W2905,Ashok Leyland Ltd,5760
TS12UA0180,Ashok Leyland Ltd,5759
AP36TA7272,Tata Motors Ltd,5883
AP20Y6438,Tata Motors Limited,5883
TS06UA1494,Tata Motors Ltd,5883
AP15Z0098,Ashok Leyland Ltd,5760
AP29W3435,Tata Motors Ltd,5883
AP10AT2376,Tata Motors Ltd,12148
AP25Y0588,Ashok Leyland Ltd,5759
TS07UB0234,Ashok Leyland Ltd,5759
AP04W8317,Ashok Leyland Ltd,6014
AP28TE8846,Tata Motors Ltd,5883
AP15AX2689,Tata Motors Ltd,5880
AP24TB3678,Ashok Leyland Ltd,5759
AP15TC6661,Tata Motors Ltd,5883
AP36Z0147,Ashok Leyland Ltd,5760
AP24TB2715,Ashok Leyland Ltd,5759
AP15TC6662,Tata Motors Ltd,5883
AP36TA7889,Ashok Leyland Ltd,5760
TS12EC4351,Komastu,7145
AP23R5679,Ashok Leyland Ltd,5759
AP23Y6599,Ashok Leyland Ltd,5759
TS05UB3438,Tata Motors Ltd,5883
TS04UA1177,Ashok Leyland Ltd,5759
TS02UA0593,Ashok Leyland Ltd,5759
TS08UA0459,Tata Motors Ltd,5883
AP29BF3496,Bajaj Auto Ltd,9927
TS08UA1125,Tata Motors Ltd,5883
TS02UA0616,Ashok Leyland Ltd,5759
AP23Y6869,Ashok Leyland Ltd,5759
TS05EA6463,John Deere India Pvt Limited,6150
AP36TB5795,Ashok Leyland Ltd,5759
TS08UA1323,Tata Motors Ltd,5883
TS08UB0166,Tata Motors Ltd,5883
TS16UA1106,Ashok Leyland Ltd,5759
TS05UA0648,Ashok Leyland Ltd,5759
TS06UA1112,Tata Motors Ltd,5883
TS09Z7608,Volvo Buses India Pvt Ltd,7146
TS08UA0618,Ashok Leyland Ltd,5760
TS03UA1599,Tata Motors Ltd,5883
TS09Z7604,Volvo Buses India Pvt Ltd,7146
TS08UA0255,Ashok Leyland Ltd,5760
TS02UA2218,Tata Motors Ltd,5883
TS03UA1188,Tata Motors Ltd,5883
TS04UA1134,Daimler(I)Commercial Veh P Ltd,6373
TS08UA1112,Tata Motors Ltd,5883
AP20TB7878,Tata Motors Ltd,5883
TS06UA1269,Tata Motors Ltd,5883
AP24TB3456,Tata Motors Ltd,5883
TS07UB1499,Ashok Leyland Ltd,5759
TS08UA0599,Tata Motors Ltd,5883
TS06UA0819,Tata Motors Ltd,5883
TG12T4376,Ashok Leyland Ltd,5760
AP24TB3637,Tata Motors Ltd,5883
AP20TC1166,Ashok Leyland Ltd,5759
TS06UA6015,Ashok Leyland Ltd,6014
AP01X8057,Mahindra Navistar Automotives Ltd,7118
TS07UB1660,Ashok Leyland Ltd,5760
AP01Z0048,Ashok Leyland Ltd,5760
